{"ex1": {"mean": 3.471, "var": 2.852}, "ex2": {"hist": "left"}, "ex3": {"sum_2_8": 0.06, "sum_3_7": 0.122, "sum_4_6": 0.191, "sum_5": 0.252}, "ex4": {"mean": 5.004, "var": 2.465, "cov": -0.015}, "ex5": {"hist": "right"}, "ex6": {"max_sum": 6}, "ex8": {"hist": "right-most"}, "ex7": {"hist": "left-center"}, "ex9": {"mean": "increases", "var": "increases", "cov": "stays the same"}, "ex10": {"options": "changing the loaded side from 1 to 6 will yield a higher mean but the same variance"}, "ex11": {"options": "changing the direction of the inequality will change the sign of the covariance"}, "ex12": {"options": "yes, regardless if the die is fair or not"}}